timestamp,error_type
2026-03-01 08:12:00,404 Not Found
2026-03-01 08:30:00,200 OK
2026-03-01 09:05:00,500 Internal Server Error
2026-03-01 09:20:00,User Login
2026-03-01 10:00:00,403 Forbidden
2026-03-01 10:45:00,404 Not Found
2026-03-01 11:10:00,File Uploaded
2026-03-01 11:45:00,200 OK
2026-03-01 12:30:00,401 Unauthorized
2026-03-01 13:00:00,404 Not Found
2026-03-01 14:20:00,403 Forbidden
2026-03-01 15:40:00,503 Service Unavailable
2026-03-01 16:30:00,User Login
2026-03-01 16:45:00,500 Internal Server Error
2026-03-01 17:10:00,404 Not Found
2026-03-01 17:43:00,401 Unauthorized
2026-03-01 17:56:00,403 Forbidden
2026-03-01 18:20:00,503 Service Unavailable
2026-03-01 19:40:00,File Uploaded
2026-03-02 08:05:00,500 Internal Server Error
2026-03-02 08:30:00,200 OK
2026-03-02 09:10:00,403 Forbidden
2026-03-02 09:40:00,User Login
2026-03-02 10:15:00,404 Not Found
2026-03-02 11:00:00,File Uploaded
2026-03-02 11:30:00,200 OK
2026-03-02 12:05:00,503 Service Unavailable
2026-03-02 12:40:00,404 Not Found
2026-03-02 13:10:00,401 Unauthorized
2026-03-02 14:30:00,200 OK
2026-03-02 15:45:00,404 Not Found
2026-03-02 17:20:00,500 Internal Server Error
2026-03-03 08:00:00,500 Internal Server Error
2026-03-03 08:25:00,200 OK
2026-03-03 09:00:00,403 Forbidden
2026-03-03 09:30:00,User Login
2026-03-03 10:00:00,404 Not Found
2026-03-03 10:40:00,File Uploaded
2026-03-03 11:15:00,200 OK
2026-03-03 11:50:00,401 Unauthorized
2026-03-04 08:10:00,200 OK
2026-03-04 08:45:00,404 Not Found
2026-03-04 09:15:00,403 Forbidden
2026-03-04 09:50:00,User Login
2026-03-04 10:25:00,404 Not Found
2026-03-04 11:00:00,File Uploaded
2026-03-04 11:35:00,200 OK
2026-03-04 12:10:00,401 Unauthorized
2026-03-04 12:45:00,404 Not Found
2026-03-04 13:20:00,500 Internal Server Error
2026-03-04 15:40:00,503 Service Unavailable
2026-03-04 16:35:00,404 Not Found
2026-03-05 08:05:00,200 OK
2026-03-05 08:40:00,404 Not Found
2026-03-05 09:15:00,403 Forbidden
2026-03-05 09:50:00,User Login
2026-03-05 10:25:00,404 Not Found
2026-03-05 11:00:00,File Uploaded
2026-03-05 11:35:00,200 OK
2026-03-05 12:45:00,404 Not Found
2026-03-05 13:20:00,500 Internal Server Error
